{
  "0": [
    0.954868784202036,
    0.509326011872856,
    0.8096519160649244
  ],
  "1": [
    0.5783864411347329,
    0.2735228049533479,
    0.7143237699705975
  ],
  "2": [
    0.6019274472851915,
    0.5843936230605944,
    0.7894880472676152
  ],
  "3": [
    0.12665399677832223,
    0.2617835640923738,
    0.009971175713737068
  ],
  "4": [
    0.22868916700321418,
    0.4058409104617532,
    0.9314833943472003
  ],
  "5": [
    0.6427808780793667,
    0.9776724420150436,
    0.4781066261720194
  ],
  "6": [
    0.218946684820309,
    0.19464649646555465,
    0.47450410256271514
  ],
  "7": [
    0.31347295590036084,
    0.2078607624634501,
    0.047006141022930215
  ],
  "8": [
    0.3671096385144166,
    0.2739133563478868,
    0.9219422100351334
  ],
  "9": [
    0.3218558317550073,
    0.5896510420440355,
    0.169150483608831
  ],
  "10": [
    0.17271427322084765,
    0.0719716904419152,
    0.5300127627738225
  ],
  "11": [
    0.9056307535598273,
    0.5470892536522276,
    0.3341643800809285
  ],
  "12": [
    0.21104167865457868,
    0.974869751219158,
    0.48939160305988716
  ],
  "13": [
    0.567111423224515,
    0.95732159926426,
    0.4383054594458522
  ],
  "14": [
    0.7116076650785594,
    0.8822722055033441,
    0.6580286206055668
  ],
  "15": [
    0.2483198857991762,
    0.20856342200880318,
    0.7820657937398222
  ],
  "16": [
    0.8531938898495623,
    0.83728191053914,
    0.20945930849301042
  ],
  "17": [
    0.3565208256580392,
    0.17757352126442605,
    0.8117376683889974
  ],
  "18": [
    0.08186829424281827,
    0.43724645608682455,
    0.6087238414881128
  ],
  "19": [
    0.7984595761095277,
    0.22268980116388937,
    0.8091523117598032
  ],
  "20": [
    0.6759686759459202,
    0.9126756006445683,
    0.5614810156209941
  ],
  "21": [
    0.22344386608518074,
    0.769511849508713,
    0.3432269605880973
  ],
  "22": [
    0.08731489273742299,
    0.5908153359515679,
    0.6248505951531533
  ],
  "23": [
    0.6912218340725393,
    0.12863767656814218,
    0.8356807631465459
  ],
  "24": [
    0.14411698101229964,
    0.9813319332607425,
    0.9115787901261343
  ],
  "25": [
    0.6391691429855839,
    0.846601631735102,
    0.6665266440591656
  ],
  "26": [
    0.22149151865353123,
    0.7940534060336264,
    0.7026537051320809
  ],
  "27": [
    0.16628758495813467,
    0.3971324107283928,
    0.6007817314490774
  ],
  "28": [
    0.8338568645309576,
    0.0036595343901176802,
    0.7004660317326309
  ],
  "29": [
    0.274857702285058,
    0.7150309388037075,
    0.4596519476286184
  ],
  "30": [
    0.2120621304753847,
    0.7449136186747566,
    0.27000623506818333
  ],
  "31": [
    0.33630879961237625,
    0.948565807278845,
    0.14446194889149644
  ]
}